clientID,POS,traitName,traitWgt,metricName,metricWgt,statName,statWgt,inverse,
4,CF,SCORING,0.32,Goalscoring,0.451,goals90,0.53,0,
4,CF,SCORING,0.32,Goalscoring,0.451,goalsPassesRatio,0.47,0,
4,CF,SCORING,0.32,Goalscoring,0.451,goalsWithoutPenalties90,0,0,
4,CF,SCORING,0.32,Shooting,0.241,headShots90,0.442,0,
4,CF,SCORING,0.32,Shooting,0.241,shots90,0.193,0,
4,CF,SCORING,0.32,Shooting,0.241,shotsBlocked90,0.143,1,
4,CF,SCORING,0.32,Shooting,0.241,shotsOnTarget90,0.132,0,
4,CF,SCORING,0.32,Shooting,0.241,xgShot90,0.056,0,
4,CF,SCORING,0.32,Shooting,0.241,shotsPassesRatio,0.034,0,
4,CF,SCORING,0.32,Conversion,0.164,goalConversionPct,0.571,0,
4,CF,SCORING,0.32,Conversion,0.164,headShotsOnTargetPct,0.25,0,
4,CF,SCORING,0.32,Conversion,0.164,goalsShotsRatio,0.106,0,
4,CF,SCORING,0.32,Conversion,0.164,goalsShotsOnTargetRatio,0.073,0,
4,CF,SCORING,0.32,Positioning,0.145,passesToFinalThird90,0.285,0,
4,CF,SCORING,0.32,Positioning,0.145,progressiveRun90,0.28,0,
4,CF,SCORING,0.32,Positioning,0.145,touchInBox90,0.182,0,
4,CF,SCORING,0.32,Positioning,0.145,passesToFinalThirdRatio,0.13,0,
4,CF,SCORING,0.32,Positioning,0.145,touchInBoxReceivedPassRatio,0.123,0,
4,CF,CREATING,0.249,Assists,0.43,assists90,0.439,0,
4,CF,CREATING,0.249,Assists,0.43,secondAssists90,0.144,0,
4,CF,CREATING,0.249,Assists,0.43,shotAssists90,0.142,0,
4,CF,CREATING,0.249,Assists,0.43,shotOnTargetAssists90,0.122,0,
4,CF,CREATING,0.249,Assists,0.43,thirdAssists90,0.077,0,
4,CF,CREATING,0.249,Assists,0.43,xgAssist90,0.046,0,
4,CF,CREATING,0.249,Assists,0.43,successfulShotAssistsPct,0.029,0,
4,CF,CREATING,0.249,Assists,0.43,assistsPassesRatio,0,0,
4,CF,CREATING,0.249,Crossing,0.267,crosses90,0.52,0,
4,CF,CREATING,0.249,Crossing,0.267,successfulCrosses90,0.238,0,
4,CF,CREATING,0.249,Crossing,0.267,crossesPassesRatio,0.177,0,
4,CF,CREATING,0.249,Crossing,0.267,successfulCrossesPct,0.065,0,
4,CF,CREATING,0.249,Dribbling,0.165,dribbles90,0.416,0,
4,CF,CREATING,0.249,Dribbling,0.165,foulsSuffered90,0.186,0,
4,CF,CREATING,0.249,Dribbling,0.165,successfulDribbles90,0.149,0,
4,CF,CREATING,0.249,Dribbling,0.165,successfulDribblesPct,0.117,0,
4,CF,CREATING,0.249,Dribbling,0.165,dribblesPassesRatio,0.102,0,
4,CF,CREATING,0.249,Dribbling,0.165,offensiveDuelsWonPct,0.03,0,
4,CF,CREATING,0.249,Comb Play,0.138,dangerousOwnHalfLosses90,0.315,1,
4,CF,CREATING,0.249,Comb Play,0.138,linkupPlays90,0.193,0,
4,CF,CREATING,0.249,Comb Play,0.138,missedBalls90,0.172,1,
4,CF,CREATING,0.249,Comb Play,0.138,progressivePasses90,0.16,0,
4,CF,CREATING,0.249,Comb Play,0.138,smartPasses90,0.137,0,
4,CF,CREATING,0.249,Comb Play,0.138,successfulLinkupPlays90,0.023,0,
4,CF,PASSING,0.246,Involvement,0.523,passes90,0.61,0,
4,CF,PASSING,0.246,Involvement,0.523,receivedPass90,0.346,0,
4,CF,PASSING,0.246,Involvement,0.523,receivedPassRatio,0.045,0,
4,CF,PASSING,0.246,Accuracy,0.265,ballLosses90,0.26,1,
4,CF,PASSING,0.246,Accuracy,0.265,ownHalfLosses90,0.159,1,
4,CF,PASSING,0.246,Accuracy,0.265,successfulKeyPassesPct,0.143,0,
4,CF,PASSING,0.246,Accuracy,0.265,successfulLongPassesPct,0.142,0,
4,CF,PASSING,0.246,Accuracy,0.265,successfulPassesPct,0.139,0,
4,CF,PASSING,0.246,Accuracy,0.265,successfulPassesToFinalThirdPct,0.107,0,
4,CF,PASSING,0.246,Accuracy,0.265,successfulProgressivePassesPct,0.05,0,
4,CF,PASSING,0.246,Accuracy,0.265,successfulSmartPassesPct,0,0,
4,CF,PASSING,0.246,Accuracy,0.265,successfulThroughPassesPct,0,0,
4,CF,PASSING,0.246,Accuracy,0.265,successfulVerticalPassesPct,0,0,
4,CF,PASSING,0.246,Direction,0.125,backPassesPct,0.5,1,
4,CF,PASSING,0.246,Direction,0.125,forwardPassesPct,0.255,0,
4,CF,PASSING,0.246,Direction,0.125,lateralPassesPct,0.245,1,
4,CF,PASSING,0.246,Intent,0.087,attackingActions90,0.252,0,
4,CF,PASSING,0.246,Intent,0.087,successfulAttackingActions90,0.204,0,
4,CF,PASSING,0.246,Intent,0.087,successfulAttackingActionsPct,0.158,0,
4,CF,PASSING,0.246,Intent,0.087,keyPasses90,0.127,0,
4,CF,PASSING,0.246,Intent,0.087,keyPassesRatio,0.113,0,
4,CF,PASSING,0.246,Intent,0.087,longPassLength,0.076,0,
4,CF,PASSING,0.246,Intent,0.087,longPasses90,0.049,0,
4,CF,PASSING,0.246,Intent,0.087,throughPasses90,0.022,0,
4,CF,DEFENDING,0.185,Aerial,0.587,aerialDuels90,0.915,0,
4,CF,DEFENDING,0.185,Aerial,0.587,aerialDuelsWon90,0.085,0,
4,CF,DEFENDING,0.185,Aerial,0.587,aerialDuelsWonPct,0,0,
4,CF,DEFENDING,0.185,On Ball,0.276,defensiveActions90,0.289916667,0,
4,CF,DEFENDING,0.185,On Ball,0.276,successfulDefensiveAction90,0.135916667,0,
4,CF,DEFENDING,0.185,On Ball,0.276,successfulDefensiveActionPct,0.124916667,0,
4,CF,DEFENDING,0.185,On Ball,0.276,defensiveDuels90,0.099916667,0,
4,CF,DEFENDING,0.185,On Ball,0.276,defensiveDuelsWon90,0.080916667,0,
4,CF,DEFENDING,0.185,On Ball,0.276,defensiveDuelsWonPct,0.071916667,0,
4,CF,DEFENDING,0.185,On Ball,0.276,dribblesAgainst90,0.063916667,0,
4,CF,DEFENDING,0.185,On Ball,0.276,dribblesAgainstWon90,0.058916667,0,
4,CF,DEFENDING,0.185,On Ball,0.276,dribblesAgainstWonPct,0.035916667,0,
4,CF,DEFENDING,0.185,On Ball,0.276,pressingDuels90,0.030916667,0,
4,CF,DEFENDING,0.185,On Ball,0.276,slidingTackles90,0.005916667,0,
4,CF,DEFENDING,0.185,On Ball,0.276,successfulSlidingTackles90,0,0,
4,CF,DEFENDING,0.185,On Ball,0.276,successfulSlidingTacklesPct,0,0,
4,CF,DEFENDING,0.185,Off Ball,0.117,ballRecoveries90,0.29,0,
4,CF,DEFENDING,0.185,Off Ball,0.117,clearances90,0.177,0,
4,CF,DEFENDING,0.185,Off Ball,0.117,counterpressingRecoveries90,0.125,0,
4,CF,DEFENDING,0.185,Off Ball,0.117,dangerousOpponentHalfRecoveries90,0.101,0,
4,CF,DEFENDING,0.185,Off Ball,0.117,interceptions90,0.095,0,
4,CF,DEFENDING,0.185,Off Ball,0.117,looseBallDuels90,0.082,0,
4,CF,DEFENDING,0.185,Off Ball,0.117,looseBallDuelsWon90,0.06,0,
4,CF,DEFENDING,0.185,Off Ball,0.117,looseBallDuelsWonPct,0.031,0,
4,CF,DEFENDING,0.185,Off Ball,0.117,opponentHalfRecoveries90,0.021,0,
4,CF,DEFENDING,0.185,Off Ball,0.117,recoveries90,0.019,0,
4,CF,DEFENDING,0.185,Fouls,0.02,adjCards90,0.623,1,
4,CF,DEFENDING,0.185,Fouls,0.02,directRedCards,0,1,
4,CF,DEFENDING,0.185,Fouls,0.02,fouls90,0.276,1,
4,CF,DEFENDING,0.185,Fouls,0.02,redCards,0,1,
4,CF,DEFENDING,0.185,Fouls,0.02,yellowCards,0,1,
4,CF,DEFENDING,0.185,Fouls,0.02,yellowCardsPerFoul,0.1,1,
4,AM,SCORING,0.326,Goalscoring,0.397,goals90,0.53,0,
4,AM,SCORING,0.326,Goalscoring,0.397,goalsPassesRatio,0.47,0,
4,AM,SCORING,0.326,Goalscoring,0.397,goalsWithoutPenalties90,0,0,
4,AM,SCORING,0.326,Shooting,0.308,headShots90,0.425,0,
4,AM,SCORING,0.326,Shooting,0.308,shots90,0.168,0,
4,AM,SCORING,0.326,Shooting,0.308,shotsBlocked90,0.154,1,
4,AM,SCORING,0.326,Shooting,0.308,shotsOnTarget90,0.126,0,
4,AM,SCORING,0.326,Shooting,0.308,xgShot90,0.077,0,
4,AM,SCORING,0.326,Shooting,0.308,shotsPassesRatio,0.05,0,
4,AM,SCORING,0.326,Conversion,0.151,goalConversionPct,0.568,0,
4,AM,SCORING,0.326,Conversion,0.151,headShotsOnTargetPct,0.25,0,
4,AM,SCORING,0.326,Conversion,0.151,goalsShotsRatio,0.111,0,
4,AM,SCORING,0.326,Conversion,0.151,goalsShotsOnTargetRatio,0.071,0,
4,AM,SCORING,0.326,Positioning,0.144,passesToFinalThird90,0.301,0,
4,AM,SCORING,0.326,Positioning,0.144,progressiveRun90,0.23,0,
4,AM,SCORING,0.326,Positioning,0.144,touchInBox90,0.198,0,
4,AM,SCORING,0.326,Positioning,0.144,passesToFinalThirdRatio,0.164,0,
4,AM,SCORING,0.326,Positioning,0.144,touchInBoxReceivedPassRatio,0.107,0,
4,AM,CREATING,0.252,Assists,0.455,assists90,0.381,0,
4,AM,CREATING,0.252,Assists,0.455,secondAssists90,0.136,0,
4,AM,CREATING,0.252,Assists,0.455,shotAssists90,0.126,0,
4,AM,CREATING,0.252,Assists,0.455,shotOnTargetAssists90,0.124,0,
4,AM,CREATING,0.252,Assists,0.455,thirdAssists90,0.099,0,
4,AM,CREATING,0.252,Assists,0.455,xgAssist90,0.064,0,
4,AM,CREATING,0.252,Assists,0.455,successfulShotAssistsPct,0.037,0,
4,AM,CREATING,0.252,Assists,0.455,assistsPassesRatio,0.032,0,
4,AM,CREATING,0.252,Crossing,0.219,crosses90,0.491,0,
4,AM,CREATING,0.252,Crossing,0.219,successfulCrosses90,0.251,0,
4,AM,CREATING,0.252,Crossing,0.219,crossesPassesRatio,0.186,0,
4,AM,CREATING,0.252,Crossing,0.219,successfulCrossesPct,0.072,0,
4,AM,CREATING,0.252,Dribbling,0.165,dribbles90,0.368,0,
4,AM,CREATING,0.252,Dribbling,0.165,foulsSuffered90,0.215,0,
4,AM,CREATING,0.252,Dribbling,0.165,successfulDribbles90,0.153,0,
4,AM,CREATING,0.252,Dribbling,0.165,successfulDribblesPct,0.138,0,
4,AM,CREATING,0.252,Dribbling,0.165,dribblesPassesRatio,0.104,0,
4,AM,CREATING,0.252,Dribbling,0.165,offensiveDuelsWonPct,0.022,0,
4,AM,CREATING,0.252,Comb Play,0.16,dangerousOwnHalfLosses90,0.317,1,
4,AM,CREATING,0.252,Comb Play,0.16,linkupPlays90,0.193,0,
4,AM,CREATING,0.252,Comb Play,0.16,missedBalls90,0.169,1,
4,AM,CREATING,0.252,Comb Play,0.16,progressivePasses90,0.163,0,
4,AM,CREATING,0.252,Comb Play,0.16,smartPasses90,0.142,0,
4,AM,CREATING,0.252,Comb Play,0.16,successfulLinkupPlays90,0.018,0,
4,AM,PASSING,0.24,Involvement,0.515,passes90,0.625,0,
4,AM,PASSING,0.24,Involvement,0.515,receivedPass90,0.341,0,
4,AM,PASSING,0.24,Involvement,0.515,receivedPassRatio,0.034,0,
4,AM,PASSING,0.24,Accuracy,0.251,ballLosses90,0.226,1,
4,AM,PASSING,0.24,Accuracy,0.251,ownHalfLosses90,0.147,1,
4,AM,PASSING,0.24,Accuracy,0.251,successfulKeyPassesPct,0.126,0,
4,AM,PASSING,0.24,Accuracy,0.251,successfulLongPassesPct,0.123,0,
4,AM,PASSING,0.24,Accuracy,0.251,successfulPassesPct,0.12,0,
4,AM,PASSING,0.24,Accuracy,0.251,successfulPassesToFinalThirdPct,0.098,0,
4,AM,PASSING,0.24,Accuracy,0.251,successfulProgressivePassesPct,0.085,0,
4,AM,PASSING,0.24,Accuracy,0.251,successfulSmartPassesPct,0.074,0,
4,AM,PASSING,0.24,Accuracy,0.251,successfulThroughPassesPct,0,0,
4,AM,PASSING,0.24,Accuracy,0.251,successfulVerticalPassesPct,0,0,
4,AM,PASSING,0.24,Direction,0.139,backPassesPct,0.5,1,
4,AM,PASSING,0.24,Direction,0.139,forwardPassesPct,0.255,0,
4,AM,PASSING,0.24,Direction,0.139,lateralPassesPct,0.245,1,
4,AM,PASSING,0.24,Intent,0.095,attackingActions90,0.249,0,
4,AM,PASSING,0.24,Intent,0.095,successfulAttackingActions90,0.204,0,
4,AM,PASSING,0.24,Intent,0.095,successfulAttackingActionsPct,0.158,0,
4,AM,PASSING,0.24,Intent,0.095,keyPasses90,0.126,0,
4,AM,PASSING,0.24,Intent,0.095,keyPassesRatio,0.109,0,
4,AM,PASSING,0.24,Intent,0.095,longPassLength,0.08,0,
4,AM,PASSING,0.24,Intent,0.095,longPasses90,0.053,0,
4,AM,PASSING,0.24,Intent,0.095,throughPasses90,0.022,0,
4,AM,DEFENDING,0.183,Aerial,0.622,aerialDuels90,0.916,0,
4,AM,DEFENDING,0.183,Aerial,0.622,aerialDuelsWon90,0.084,0,
4,AM,DEFENDING,0.183,Aerial,0.622,aerialDuelsWonPct,0,0,
4,AM,DEFENDING,0.183,On Ball,0.267,defensiveActions90,0.295916667,0,
4,AM,DEFENDING,0.183,On Ball,0.267,successfulDefensiveAction90,0.145916667,0,
4,AM,DEFENDING,0.183,On Ball,0.267,successfulDefensiveActionPct,0.123916667,0,
4,AM,DEFENDING,0.183,On Ball,0.267,defensiveDuels90,0.090916667,0,
4,AM,DEFENDING,0.183,On Ball,0.267,defensiveDuelsWon90,0.079916667,0,
4,AM,DEFENDING,0.183,On Ball,0.267,defensiveDuelsWonPct,0.070916667,0,
4,AM,DEFENDING,0.183,On Ball,0.267,dribblesAgainst90,0.062916667,0,
4,AM,DEFENDING,0.183,On Ball,0.267,dribblesAgainstWon90,0.058916667,0,
4,AM,DEFENDING,0.183,On Ball,0.267,dribblesAgainstWonPct,0.036916667,0,
4,AM,DEFENDING,0.183,On Ball,0.267,pressingDuels90,0.028916667,0,
4,AM,DEFENDING,0.183,On Ball,0.267,slidingTackles90,0.004916667,0,
4,AM,DEFENDING,0.183,On Ball,0.267,successfulSlidingTackles90,0,0,
4,AM,DEFENDING,0.183,On Ball,0.267,successfulSlidingTacklesPct,0,0,
4,AM,DEFENDING,0.183,Off Ball,0.094,ballRecoveries90,0.264,0,
4,AM,DEFENDING,0.183,Off Ball,0.094,clearances90,0.173,0,
4,AM,DEFENDING,0.183,Off Ball,0.094,counterpressingRecoveries90,0.139,0,
4,AM,DEFENDING,0.183,Off Ball,0.094,dangerousOpponentHalfRecoveries90,0.1,0,
4,AM,DEFENDING,0.183,Off Ball,0.094,interceptions90,0.096,0,
4,AM,DEFENDING,0.183,Off Ball,0.094,looseBallDuels90,0.082,0,
4,AM,DEFENDING,0.183,Off Ball,0.094,looseBallDuelsWon90,0.052,0,
4,AM,DEFENDING,0.183,Off Ball,0.094,looseBallDuelsWonPct,0.047,0,
4,AM,DEFENDING,0.183,Off Ball,0.094,opponentHalfRecoveries90,0.028,0,
4,AM,DEFENDING,0.183,Off Ball,0.094,recoveries90,0.02,0,
4,AM,DEFENDING,0.183,Fouls,0.017,adjCards90,0.652,1,
4,AM,DEFENDING,0.183,Fouls,0.017,directRedCards,0,1,
4,AM,DEFENDING,0.183,Fouls,0.017,fouls90,0.255,1,
4,AM,DEFENDING,0.183,Fouls,0.017,redCards,0,1,
4,AM,DEFENDING,0.183,Fouls,0.017,yellowCards,0,1,
4,AM,DEFENDING,0.183,Fouls,0.017,yellowCardsPerFoul,0.093,1,
4,M,SCORING,0.296,Goalscoring,0.489,goals90,1,0,
4,M,SCORING,0.296,Goalscoring,0.489,goalsPassesRatio,0,0,
4,M,SCORING,0.296,Goalscoring,0.489,goalsWithoutPenalties90,0,0,
4,M,SCORING,0.296,Shooting,0.322,headShots90,0.41,0,
4,M,SCORING,0.296,Shooting,0.322,shots90,0.187,0,
4,M,SCORING,0.296,Shooting,0.322,shotsBlocked90,0.166,1,
4,M,SCORING,0.296,Shooting,0.322,shotsOnTarget90,0.1,0,
4,M,SCORING,0.296,Shooting,0.322,xgShot90,0.074,0,
4,M,SCORING,0.296,Shooting,0.322,shotsPassesRatio,0.063,0,
4,M,SCORING,0.296,Conversion,0.189,goalConversionPct,0.614,0,
4,M,SCORING,0.296,Conversion,0.189,headShotsOnTargetPct,0.248,0,
4,M,SCORING,0.296,Conversion,0.189,goalsShotsRatio,0.088,0,
4,M,SCORING,0.296,Conversion,0.189,goalsShotsOnTargetRatio,0.051,0,
4,M,SCORING,0.296,Positioning,0,passesToFinalThird90,0.315,0,
4,M,SCORING,0.296,Positioning,0,progressiveRun90,0.224,0,
4,M,SCORING,0.296,Positioning,0,touchInBox90,0.198,0,
4,M,SCORING,0.296,Positioning,0,passesToFinalThirdRatio,0.172,0,
4,M,SCORING,0.296,Positioning,0,touchInBoxReceivedPassRatio,0.092,0,
4,M,CREATING,0.252,Assists,0.419,assists90,0.388,0,
4,M,CREATING,0.252,Assists,0.419,secondAssists90,0.144,0,
4,M,CREATING,0.252,Assists,0.419,shotAssists90,0.143,0,
4,M,CREATING,0.252,Assists,0.419,shotOnTargetAssists90,0.119,0,
4,M,CREATING,0.252,Assists,0.419,thirdAssists90,0.099,0,
4,M,CREATING,0.252,Assists,0.419,xgAssist90,0.067,0,
4,M,CREATING,0.252,Assists,0.419,successfulShotAssistsPct,0.041,0,
4,M,CREATING,0.252,Assists,0.419,assistsPassesRatio,0,0,
4,M,CREATING,0.252,Crossing,0.279,crosses90,0.463,0,
4,M,CREATING,0.252,Crossing,0.279,successfulCrosses90,0.286,0,
4,M,CREATING,0.252,Crossing,0.279,crossesPassesRatio,0.189,0,
4,M,CREATING,0.252,Crossing,0.279,successfulCrossesPct,0.063,0,
4,M,CREATING,0.252,Dribbling,0.176,dribbles90,0.352,0,
4,M,CREATING,0.252,Dribbling,0.176,foulsSuffered90,0.208,0,
4,M,CREATING,0.252,Dribbling,0.176,successfulDribbles90,0.162,0,
4,M,CREATING,0.252,Dribbling,0.176,successfulDribblesPct,0.149,0,
4,M,CREATING,0.252,Dribbling,0.176,dribblesPassesRatio,0.116,0,
4,M,CREATING,0.252,Dribbling,0.176,offensiveDuelsWonPct,0.013,0,
4,M,CREATING,0.252,Comb Play,0.126,dangerousOwnHalfLosses90,0.317,1,
4,M,CREATING,0.252,Comb Play,0.126,linkupPlays90,0.181,0,
4,M,CREATING,0.252,Comb Play,0.126,missedBalls90,0.169,1,
4,M,CREATING,0.252,Comb Play,0.126,progressivePasses90,0.164,0,
4,M,CREATING,0.252,Comb Play,0.126,smartPasses90,0.152,0,
4,M,CREATING,0.252,Comb Play,0.126,successfulLinkupPlays90,0.017,0,
4,M,PASSING,0.247,Involvement,0.527,passes90,0.632,0,
4,M,PASSING,0.247,Involvement,0.527,receivedPass90,0.338,0,
4,M,PASSING,0.247,Involvement,0.527,receivedPassRatio,0.029,0,
4,M,PASSING,0.247,Accuracy,0.243,ballLosses90,0.27,1,
4,M,PASSING,0.247,Accuracy,0.243,ownHalfLosses90,0.168,1,
4,M,PASSING,0.247,Accuracy,0.243,successfulKeyPassesPct,0.143,0,
4,M,PASSING,0.247,Accuracy,0.243,successfulLongPassesPct,0.138,0,
4,M,PASSING,0.247,Accuracy,0.243,successfulPassesPct,0.115,0,
4,M,PASSING,0.247,Accuracy,0.243,successfulPassesToFinalThirdPct,0.091,0,
4,M,PASSING,0.247,Accuracy,0.243,successfulProgressivePassesPct,0.075,0,
4,M,PASSING,0.247,Accuracy,0.243,successfulSmartPassesPct,0,0,
4,M,PASSING,0.247,Accuracy,0.243,successfulThroughPassesPct,0,0,
4,M,PASSING,0.247,Accuracy,0.243,successfulVerticalPassesPct,0,0,
4,M,PASSING,0.247,Direction,0.124,backPassesPct,0.5,1,
4,M,PASSING,0.247,Direction,0.124,forwardPassesPct,0.254,0,
4,M,PASSING,0.247,Direction,0.124,lateralPassesPct,0.245,1,
4,M,PASSING,0.247,Intent,0.106,attackingActions90,0.255,0,
4,M,PASSING,0.247,Intent,0.106,successfulAttackingActions90,0.245,0,
4,M,PASSING,0.247,Intent,0.106,successfulAttackingActionsPct,0.148,0,
4,M,PASSING,0.247,Intent,0.106,keyPasses90,0.138,0,
4,M,PASSING,0.247,Intent,0.106,keyPassesRatio,0.116,0,
4,M,PASSING,0.247,Intent,0.106,longPassLength,0.054,0,
4,M,PASSING,0.247,Intent,0.106,longPasses90,0.043,0,
4,M,PASSING,0.247,Intent,0.106,throughPasses90,0,0,
4,M,DEFENDING,0.204,Aerial,0.572,aerialDuels90,0.907,0,
4,M,DEFENDING,0.204,Aerial,0.572,aerialDuelsWon90,0.093,0,
4,M,DEFENDING,0.204,Aerial,0.572,aerialDuelsWonPct,0,0,
4,M,DEFENDING,0.204,On Ball,0.314,defensiveActions90,0.313916667,0,
4,M,DEFENDING,0.204,On Ball,0.314,successfulDefensiveAction90,0.146916667,0,
4,M,DEFENDING,0.204,On Ball,0.314,successfulDefensiveActionPct,0.126916667,0,
4,M,DEFENDING,0.204,On Ball,0.314,defensiveDuels90,0.095916667,0,
4,M,DEFENDING,0.204,On Ball,0.314,defensiveDuelsWon90,0.073916667,0,
4,M,DEFENDING,0.204,On Ball,0.314,defensiveDuelsWonPct,0.072916667,0,
4,M,DEFENDING,0.204,On Ball,0.314,dribblesAgainst90,0.057916667,0,
4,M,DEFENDING,0.204,On Ball,0.314,dribblesAgainstWon90,0.049916667,0,
4,M,DEFENDING,0.204,On Ball,0.314,dribblesAgainstWonPct,0.032916667,0,
4,M,DEFENDING,0.204,On Ball,0.314,pressingDuels90,0.027916667,0,
4,M,DEFENDING,0.204,On Ball,0.314,slidingTackles90,0.004916667,0,
4,M,DEFENDING,0.204,On Ball,0.314,successfulSlidingTackles90,0,0,
4,M,DEFENDING,0.204,On Ball,0.314,successfulSlidingTacklesPct,0,0,
4,M,DEFENDING,0.204,Off Ball,0.093,ballRecoveries90,0.299,0,
4,M,DEFENDING,0.204,Off Ball,0.093,clearances90,0.173,0,
4,M,DEFENDING,0.204,Off Ball,0.093,counterpressingRecoveries90,0.126,0,
4,M,DEFENDING,0.204,Off Ball,0.093,dangerousOpponentHalfRecoveries90,0.105,0,
4,M,DEFENDING,0.204,Off Ball,0.093,interceptions90,0.087,0,
4,M,DEFENDING,0.204,Off Ball,0.093,looseBallDuels90,0.073,0,
4,M,DEFENDING,0.204,Off Ball,0.093,looseBallDuelsWon90,0.056,0,
4,M,DEFENDING,0.204,Off Ball,0.093,looseBallDuelsWonPct,0.036,0,
4,M,DEFENDING,0.204,Off Ball,0.093,opponentHalfRecoveries90,0.028,0,
4,M,DEFENDING,0.204,Off Ball,0.093,recoveries90,0.016,0,
4,M,DEFENDING,0.204,Fouls,0.021,adjCards90,0.659,1,
4,M,DEFENDING,0.204,Fouls,0.021,directRedCards,0,1,
4,M,DEFENDING,0.204,Fouls,0.021,fouls90,0.326,1,
4,M,DEFENDING,0.204,Fouls,0.021,redCards,0,1,
4,M,DEFENDING,0.204,Fouls,0.021,yellowCards,0,1,
4,M,DEFENDING,0.204,Fouls,0.021,yellowCardsPerFoul,0.015,1,
4,DM,SCORING,0.293,Goalscoring,0.499,goals90,1,0,
4,DM,SCORING,0.293,Goalscoring,0.499,goalsPassesRatio,0,0,
4,DM,SCORING,0.293,Goalscoring,0.499,goalsWithoutPenalties90,0,0,
4,DM,SCORING,0.293,Shooting,0.329,headShots90,0.435,0,
4,DM,SCORING,0.293,Shooting,0.329,shots90,0.182,0,
4,DM,SCORING,0.293,Shooting,0.329,shotsBlocked90,0.166,1,
4,DM,SCORING,0.293,Shooting,0.329,shotsOnTarget90,0.096,0,
4,DM,SCORING,0.293,Shooting,0.329,xgShot90,0.072,0,
4,DM,SCORING,0.293,Shooting,0.329,shotsPassesRatio,0.048,0,
4,DM,SCORING,0.293,Conversion,0.171,goalConversionPct,0.662,0,
4,DM,SCORING,0.293,Conversion,0.171,headShotsOnTargetPct,0.23,0,
4,DM,SCORING,0.293,Conversion,0.171,goalsShotsRatio,0.064,0,
4,DM,SCORING,0.293,Conversion,0.171,goalsShotsOnTargetRatio,0.044,0,
4,DM,SCORING,0.293,Positioning,0,passesToFinalThird90,0.292,0,
4,DM,SCORING,0.293,Positioning,0,progressiveRun90,0.244,0,
4,DM,SCORING,0.293,Positioning,0,touchInBox90,0.203,0,
4,DM,SCORING,0.293,Positioning,0,passesToFinalThirdRatio,0.15,0,
4,DM,SCORING,0.293,Positioning,0,touchInBoxReceivedPassRatio,0.112,0,
4,DM,CREATING,0.257,Assists,0.528,assists90,0.413,0,
4,DM,CREATING,0.257,Assists,0.528,secondAssists90,0.154,0,
4,DM,CREATING,0.257,Assists,0.528,shotAssists90,0.143,0,
4,DM,CREATING,0.257,Assists,0.528,shotOnTargetAssists90,0.142,0,
4,DM,CREATING,0.257,Assists,0.528,thirdAssists90,0.101,0,
4,DM,CREATING,0.257,Assists,0.528,xgAssist90,0.027,0,
4,DM,CREATING,0.257,Assists,0.528,successfulShotAssistsPct,0.02,0,
4,DM,CREATING,0.257,Assists,0.528,assistsPassesRatio,0,0,
4,DM,CREATING,0.257,Crossing,0.19,crosses90,0.549,0,
4,DM,CREATING,0.257,Crossing,0.19,successfulCrosses90,0.258,0,
4,DM,CREATING,0.257,Crossing,0.19,crossesPassesRatio,0.147,0,
4,DM,CREATING,0.257,Crossing,0.19,successfulCrossesPct,0.047,0,
4,DM,CREATING,0.257,Dribbling,0.146,dribbles90,0.435,0,
4,DM,CREATING,0.257,Dribbling,0.146,foulsSuffered90,0.174,0,
4,DM,CREATING,0.257,Dribbling,0.146,successfulDribbles90,0.148,0,
4,DM,CREATING,0.257,Dribbling,0.146,successfulDribblesPct,0.134,0,
4,DM,CREATING,0.257,Dribbling,0.146,dribblesPassesRatio,0.098,0,
4,DM,CREATING,0.257,Dribbling,0.146,offensiveDuelsWonPct,0.012,0,
4,DM,CREATING,0.257,Comb Play,0.135,dangerousOwnHalfLosses90,0.326,1,
4,DM,CREATING,0.257,Comb Play,0.135,linkupPlays90,0.193,0,
4,DM,CREATING,0.257,Comb Play,0.135,missedBalls90,0.175,1,
4,DM,CREATING,0.257,Comb Play,0.135,progressivePasses90,0.162,0,
4,DM,CREATING,0.257,Comb Play,0.135,smartPasses90,0.135,0,
4,DM,CREATING,0.257,Comb Play,0.135,successfulLinkupPlays90,0.008,0,
4,DM,PASSING,0.244,Involvement,0.509,passes90,0.641,0,
4,DM,PASSING,0.244,Involvement,0.509,receivedPass90,0.333,0,
4,DM,PASSING,0.244,Involvement,0.509,receivedPassRatio,0.026,0,
4,DM,PASSING,0.244,Accuracy,0.243,ballLosses90,0.24,1,
4,DM,PASSING,0.244,Accuracy,0.243,ownHalfLosses90,0.157,1,
4,DM,PASSING,0.244,Accuracy,0.243,successfulKeyPassesPct,0.143,0,
4,DM,PASSING,0.244,Accuracy,0.243,successfulLongPassesPct,0.143,0,
4,DM,PASSING,0.244,Accuracy,0.243,successfulPassesPct,0.136,0,
4,DM,PASSING,0.244,Accuracy,0.243,successfulPassesToFinalThirdPct,0.113,0,
4,DM,PASSING,0.244,Accuracy,0.243,successfulProgressivePassesPct,0.068,0,
4,DM,PASSING,0.244,Accuracy,0.243,successfulSmartPassesPct,0,0,
4,DM,PASSING,0.244,Accuracy,0.243,successfulThroughPassesPct,0,0,
4,DM,PASSING,0.244,Accuracy,0.243,successfulVerticalPassesPct,0,0,
4,DM,PASSING,0.244,Direction,0.164,backPassesPct,0.5,1,
4,DM,PASSING,0.244,Direction,0.164,forwardPassesPct,0.253,0,
4,DM,PASSING,0.244,Direction,0.164,lateralPassesPct,0.247,1,
4,DM,PASSING,0.244,Intent,0.085,attackingActions90,0.27,0,
4,DM,PASSING,0.244,Intent,0.085,successfulAttackingActions90,0.216,0,
4,DM,PASSING,0.244,Intent,0.085,successfulAttackingActionsPct,0.179,0,
4,DM,PASSING,0.244,Intent,0.085,keyPasses90,0.129,0,
4,DM,PASSING,0.244,Intent,0.085,keyPassesRatio,0.094,0,
4,DM,PASSING,0.244,Intent,0.085,longPassLength,0.05,0,
4,DM,PASSING,0.244,Intent,0.085,longPasses90,0.044,0,
4,DM,PASSING,0.244,Intent,0.085,throughPasses90,0.017,0,
4,DM,DEFENDING,0.207,Aerial,0.536,aerialDuels90,0.889,0,
4,DM,DEFENDING,0.207,Aerial,0.536,aerialDuelsWon90,0.111,0,
4,DM,DEFENDING,0.207,Aerial,0.536,aerialDuelsWonPct,0,0,
4,DM,DEFENDING,0.207,On Ball,0.343,defensiveActions90,0.325916667,0,
4,DM,DEFENDING,0.207,On Ball,0.343,successfulDefensiveAction90,0.138916667,0,
4,DM,DEFENDING,0.207,On Ball,0.343,successfulDefensiveActionPct,0.129916667,0,
4,DM,DEFENDING,0.207,On Ball,0.343,defensiveDuels90,0.094916667,0,
4,DM,DEFENDING,0.207,On Ball,0.343,defensiveDuelsWon90,0.079916667,0,
4,DM,DEFENDING,0.207,On Ball,0.343,defensiveDuelsWonPct,0.066916667,0,
4,DM,DEFENDING,0.207,On Ball,0.343,dribblesAgainst90,0.050916667,0,
4,DM,DEFENDING,0.207,On Ball,0.343,dribblesAgainstWon90,0.046916667,0,
4,DM,DEFENDING,0.207,On Ball,0.343,dribblesAgainstWonPct,0.039916667,0,
4,DM,DEFENDING,0.207,On Ball,0.343,pressingDuels90,0.023916667,0,
4,DM,DEFENDING,0.207,On Ball,0.343,slidingTackles90,0.004916667,0,
4,DM,DEFENDING,0.207,On Ball,0.343,successfulSlidingTackles90,0,0,
4,DM,DEFENDING,0.207,On Ball,0.343,successfulSlidingTacklesPct,0,0,
4,DM,DEFENDING,0.207,Off Ball,0.103,ballRecoveries90,0.311,0,
4,DM,DEFENDING,0.207,Off Ball,0.103,clearances90,0.15,0,
4,DM,DEFENDING,0.207,Off Ball,0.103,counterpressingRecoveries90,0.112,0,
4,DM,DEFENDING,0.207,Off Ball,0.103,dangerousOpponentHalfRecoveries90,0.102,0,
4,DM,DEFENDING,0.207,Off Ball,0.103,interceptions90,0.094,0,
4,DM,DEFENDING,0.207,Off Ball,0.103,looseBallDuels90,0.082,0,
4,DM,DEFENDING,0.207,Off Ball,0.103,looseBallDuelsWon90,0.067,0,
4,DM,DEFENDING,0.207,Off Ball,0.103,looseBallDuelsWonPct,0.037,0,
4,DM,DEFENDING,0.207,Off Ball,0.103,opponentHalfRecoveries90,0.031,0,
4,DM,DEFENDING,0.207,Off Ball,0.103,recoveries90,0.015,0,
4,DM,DEFENDING,0.207,Fouls,0.018,adjCards90,0.635,1,
4,DM,DEFENDING,0.207,Fouls,0.018,directRedCards,0,1,0
4,DM,DEFENDING,0.207,Fouls,0.018,fouls90,0.358,1,
4,DM,DEFENDING,0.207,Fouls,0.018,redCards,0,1,
4,DM,DEFENDING,0.207,Fouls,0.018,yellowCards,0,1,
4,DM,DEFENDING,0.207,Fouls,0.018,yellowCardsPerFoul,0.007,1,
4,FB,SCORING,0.321,Goalscoring,0.461,goals90,1,0,
4,FB,SCORING,0.321,Goalscoring,0.461,goalsPassesRatio,0,0,
4,FB,SCORING,0.321,Goalscoring,0.461,goalsWithoutPenalties90,0,0,
4,FB,SCORING,0.321,Shooting,0.333,headShots90,0.414,0,
4,FB,SCORING,0.321,Shooting,0.333,shots90,0.201,0,
4,FB,SCORING,0.321,Shooting,0.333,shotsBlocked90,0.188,1,
4,FB,SCORING,0.321,Shooting,0.333,shotsOnTarget90,0.123,0,
4,FB,SCORING,0.321,Shooting,0.333,xgShot90,0.074,0,
4,FB,SCORING,0.321,Shooting,0.333,shotsPassesRatio,0,0,
4,FB,SCORING,0.321,Conversion,0.205,goalConversionPct,0.616,0,
4,FB,SCORING,0.321,Conversion,0.205,headShotsOnTargetPct,0.25,0,
4,FB,SCORING,0.321,Conversion,0.205,goalsShotsRatio,0.089,0,
4,FB,SCORING,0.321,Conversion,0.205,goalsShotsOnTargetRatio,0.045,0,
4,FB,SCORING,0.321,Positioning,0,passesToFinalThird90,0.304,0,
4,FB,SCORING,0.321,Positioning,0,progressiveRun90,0.22,0,
4,FB,SCORING,0.321,Positioning,0,touchInBox90,0.202,0,
4,FB,SCORING,0.321,Positioning,0,passesToFinalThirdRatio,0.17,0,
4,FB,SCORING,0.321,Positioning,0,touchInBoxReceivedPassRatio,0.104,0,
4,FB,CREATING,0.253,Assists,0.473,assists90,0.402,0,
4,FB,CREATING,0.253,Assists,0.473,secondAssists90,0.18,0,
4,FB,CREATING,0.253,Assists,0.473,shotAssists90,0.142,0,
4,FB,CREATING,0.253,Assists,0.473,shotOnTargetAssists90,0.108,0,
4,FB,CREATING,0.253,Assists,0.473,thirdAssists90,0.089,0,
4,FB,CREATING,0.253,Assists,0.473,xgAssist90,0.046,0,
4,FB,CREATING,0.253,Assists,0.473,successfulShotAssistsPct,0.034,0,
4,FB,CREATING,0.253,Assists,0.473,assistsPassesRatio,0,0,
4,FB,CREATING,0.253,Crossing,0.209,crosses90,0.447,0,
4,FB,CREATING,0.253,Crossing,0.209,successfulCrosses90,0.264,0,
4,FB,CREATING,0.253,Crossing,0.209,crossesPassesRatio,0.229,0,
4,FB,CREATING,0.253,Crossing,0.209,successfulCrossesPct,0.06,0,
4,FB,CREATING,0.253,Dribbling,0.165,dribbles90,0.368,0,
4,FB,CREATING,0.253,Dribbling,0.165,foulsSuffered90,0.218,0,
4,FB,CREATING,0.253,Dribbling,0.165,successfulDribbles90,0.153,0,
4,FB,CREATING,0.253,Dribbling,0.165,successfulDribblesPct,0.136,0,
4,FB,CREATING,0.253,Dribbling,0.165,dribblesPassesRatio,0.106,0,
4,FB,CREATING,0.253,Dribbling,0.165,offensiveDuelsWonPct,0.019,0,
4,FB,CREATING,0.253,Comb Play,0.154,dangerousOwnHalfLosses90,0.331,1,
4,FB,CREATING,0.253,Comb Play,0.154,linkupPlays90,0.183,0,
4,FB,CREATING,0.253,Comb Play,0.154,missedBalls90,0.17,1,
4,FB,CREATING,0.253,Comb Play,0.154,progressivePasses90,0.162,0,
4,FB,CREATING,0.253,Comb Play,0.154,smartPasses90,0.149,0,
4,FB,CREATING,0.253,Comb Play,0.154,successfulLinkupPlays90,0.004,0,
4,FB,PASSING,0.241,Involvement,0.499,passes90,0.641,0,
4,FB,PASSING,0.241,Involvement,0.499,receivedPass90,0.336,0,
4,FB,PASSING,0.241,Involvement,0.499,receivedPassRatio,0.023,0,
4,FB,PASSING,0.241,Accuracy,0.222,ballLosses90,0.289,1,
4,FB,PASSING,0.241,Accuracy,0.222,ownHalfLosses90,0.19,1,
4,FB,PASSING,0.241,Accuracy,0.222,successfulKeyPassesPct,0.15,0,
4,FB,PASSING,0.241,Accuracy,0.222,successfulLongPassesPct,0.143,0,
4,FB,PASSING,0.241,Accuracy,0.222,successfulPassesPct,0.132,0,
4,FB,PASSING,0.241,Accuracy,0.222,successfulPassesToFinalThirdPct,0.096,0,
4,FB,PASSING,0.241,Accuracy,0.222,successfulProgressivePassesPct,0,0,
4,FB,PASSING,0.241,Accuracy,0.222,successfulSmartPassesPct,0,0,
4,FB,PASSING,0.241,Accuracy,0.222,successfulThroughPassesPct,0,0,
4,FB,PASSING,0.241,Accuracy,0.222,successfulVerticalPassesPct,0,0,
4,FB,PASSING,0.241,Direction,0.18,backPassesPct,0.5,1,
4,FB,PASSING,0.241,Direction,0.18,forwardPassesPct,0.253,0,
4,FB,PASSING,0.241,Direction,0.18,lateralPassesPct,0.247,1,
4,FB,PASSING,0.241,Intent,0.099,attackingActions90,0.314,0,
4,FB,PASSING,0.241,Intent,0.099,successfulAttackingActions90,0.254,0,
4,FB,PASSING,0.241,Intent,0.099,successfulAttackingActionsPct,0.148,0,
4,FB,PASSING,0.241,Intent,0.099,keyPasses90,0.123,0,
4,FB,PASSING,0.241,Intent,0.099,keyPassesRatio,0.093,0,
4,FB,PASSING,0.241,Intent,0.099,longPassLength,0.049,0,
4,FB,PASSING,0.241,Intent,0.099,longPasses90,0.018,0,
4,FB,PASSING,0.241,Intent,0.099,throughPasses90,0,0,
4,FB,DEFENDING,0.185,Aerial,0.552,aerialDuels90,0.951,0,
4,FB,DEFENDING,0.185,Aerial,0.552,aerialDuelsWon90,0.049,0,
4,FB,DEFENDING,0.185,Aerial,0.552,aerialDuelsWonPct,0,0,
4,FB,DEFENDING,0.185,On Ball,0.337,defensiveActions90,0.3128,0,
4,FB,DEFENDING,0.185,On Ball,0.337,successfulDefensiveAction90,0.1568,0,
4,FB,DEFENDING,0.185,On Ball,0.337,successfulDefensiveActionPct,0.1368,0,
4,FB,DEFENDING,0.185,On Ball,0.337,defensiveDuels90,0.0858,0,
4,FB,DEFENDING,0.185,On Ball,0.337,defensiveDuelsWon90,0.0778,0,
4,FB,DEFENDING,0.185,On Ball,0.337,defensiveDuelsWonPct,0.0718,0,
4,FB,DEFENDING,0.185,On Ball,0.337,dribblesAgainst90,0.0628,0,
4,FB,DEFENDING,0.185,On Ball,0.337,dribblesAgainstWon90,0.0398,0,
4,FB,DEFENDING,0.185,On Ball,0.337,dribblesAgainstWonPct,0.0328,0,
4,FB,DEFENDING,0.185,On Ball,0.337,pressingDuels90,0.0258,0,
4,FB,DEFENDING,0.185,On Ball,0.337,slidingTackles90,0.0049,0,
4,FB,DEFENDING,0.185,On Ball,0.337,successfulSlidingTackles90,0,0,
4,FB,DEFENDING,0.185,On Ball,0.337,successfulSlidingTacklesPct,0,0,
4,FB,DEFENDING,0.185,Off Ball,0.084,ballRecoveries90,0.272,0,
4,FB,DEFENDING,0.185,Off Ball,0.084,clearances90,0.157,0,
4,FB,DEFENDING,0.185,Off Ball,0.084,counterpressingRecoveries90,0.151,0,
4,FB,DEFENDING,0.185,Off Ball,0.084,dangerousOpponentHalfRecoveries90,0.104,0,
4,FB,DEFENDING,0.185,Off Ball,0.084,interceptions90,0.098,0,
4,FB,DEFENDING,0.185,Off Ball,0.084,looseBallDuels90,0.075,0,
4,FB,DEFENDING,0.185,Off Ball,0.084,looseBallDuelsWon90,0.054,0,
4,FB,DEFENDING,0.185,Off Ball,0.084,looseBallDuelsWonPct,0.042,0,
4,FB,DEFENDING,0.185,Off Ball,0.084,opponentHalfRecoveries90,0.026,0,
4,FB,DEFENDING,0.185,Off Ball,0.084,recoveries90,0.021,0,
4,FB,DEFENDING,0.185,Fouls,0.027,adjCards90,0.687,1,
4,FB,DEFENDING,0.185,Fouls,0.027,directRedCards,0,1,
4,FB,DEFENDING,0.185,Fouls,0.027,fouls90,0.283,1,
4,FB,DEFENDING,0.185,Fouls,0.027,redCards,0,1,
4,FB,DEFENDING,0.185,Fouls,0.027,yellowCards,0,1,
4,FB,DEFENDING,0.185,Fouls,0.027,yellowCardsPerFoul,0.03,1,
4,CB,SCORING,0.271,Goalscoring,0.446,goals90,1,0,
4,CB,SCORING,0.271,Goalscoring,0.446,goalsPassesRatio,0,0,
4,CB,SCORING,0.271,Goalscoring,0.446,goalsWithoutPenalties90,0,0,
4,CB,SCORING,0.271,Shooting,0.315,headShots90,0.613,0,
4,CB,SCORING,0.271,Shooting,0.315,shots90,0.2,0,
4,CB,SCORING,0.271,Shooting,0.315,shotsBlocked90,0.098,1,
4,CB,SCORING,0.271,Shooting,0.315,shotsOnTarget90,0.069,0,
4,CB,SCORING,0.271,Shooting,0.315,xgShot90,0.019,0,
4,CB,SCORING,0.271,Shooting,0.315,shotsPassesRatio,0,0,
4,CB,SCORING,0.271,Conversion,0.239,goalConversionPct,0.673,0,
4,CB,SCORING,0.271,Conversion,0.239,headShotsOnTargetPct,0.237,0,
4,CB,SCORING,0.271,Conversion,0.239,goalsShotsRatio,0.053,0,
4,CB,SCORING,0.271,Conversion,0.239,goalsShotsOnTargetRatio,0.037,0,
4,CB,SCORING,0.271,Positioning,0,passesToFinalThird90,0.393,0,
4,CB,SCORING,0.271,Positioning,0,progressiveRun90,0.354,0,
4,CB,SCORING,0.271,Positioning,0,touchInBox90,0.141,0,
4,CB,SCORING,0.271,Positioning,0,passesToFinalThirdRatio,0.112,0,
4,CB,SCORING,0.271,Positioning,0,touchInBoxReceivedPassRatio,0,0,
4,CB,CREATING,0.261,Assists,0.515,assists90,0.461,0,
4,CB,CREATING,0.261,Assists,0.515,secondAssists90,0.146,0,
4,CB,CREATING,0.261,Assists,0.515,shotAssists90,0.143,0,
4,CB,CREATING,0.261,Assists,0.515,shotOnTargetAssists90,0.122,0,
4,CB,CREATING,0.261,Assists,0.515,thirdAssists90,0.067,0,
4,CB,CREATING,0.261,Assists,0.515,xgAssist90,0.038,0,
4,CB,CREATING,0.261,Assists,0.515,successfulShotAssistsPct,0.023,0,
4,CB,CREATING,0.261,Assists,0.515,assistsPassesRatio,0,0,
4,CB,CREATING,0.261,Crossing,0.217,crosses90,0.684,0,
4,CB,CREATING,0.261,Crossing,0.217,successfulCrosses90,0.265,0,
4,CB,CREATING,0.261,Crossing,0.217,crossesPassesRatio,0.051,0,
4,CB,CREATING,0.261,Crossing,0.217,successfulCrossesPct,0,0,
4,CB,CREATING,0.261,Dribbling,0.168,dribbles90,0.423,0,
4,CB,CREATING,0.261,Dribbling,0.168,foulsSuffered90,0.226,0,
4,CB,CREATING,0.261,Dribbling,0.168,successfulDribbles90,0.198,0,
4,CB,CREATING,0.261,Dribbling,0.168,successfulDribblesPct,0.135,0,
4,CB,CREATING,0.261,Dribbling,0.168,dribblesPassesRatio,0.018,0,
4,CB,CREATING,0.261,Dribbling,0.168,offensiveDuelsWonPct,0,0,
4,CB,CREATING,0.261,Comb Play,0.1,dangerousOwnHalfLosses90,0.278,1,
4,CB,CREATING,0.261,Comb Play,0.1,linkupPlays90,0.273,0,
4,CB,CREATING,0.261,Comb Play,0.1,missedBalls90,0.241,1,
4,CB,CREATING,0.261,Comb Play,0.1,progressivePasses90,0.208,0,
4,CB,CREATING,0.261,Comb Play,0.1,smartPasses90,0,0,
4,CB,CREATING,0.261,Comb Play,0.1,successfulLinkupPlays90,0,0,
4,CB,PASSING,0.239,Involvement,0.496,passes90,0.684,0,
4,CB,PASSING,0.239,Involvement,0.496,receivedPass90,0.303,0,
4,CB,PASSING,0.239,Involvement,0.496,receivedPassRatio,0.012,0,
4,CB,PASSING,0.239,Accuracy,0.209,ballLosses90,0.346,1,
4,CB,PASSING,0.239,Accuracy,0.209,ownHalfLosses90,0.248,1,
4,CB,PASSING,0.239,Accuracy,0.209,successfulKeyPassesPct,0.236,0,
4,CB,PASSING,0.239,Accuracy,0.209,successfulLongPassesPct,0.171,0,
4,CB,PASSING,0.239,Accuracy,0.209,successfulPassesPct,0,0,
4,CB,PASSING,0.239,Accuracy,0.209,successfulPassesToFinalThirdPct,0,0,
4,CB,PASSING,0.239,Accuracy,0.209,successfulProgressivePassesPct,0,0,
4,CB,PASSING,0.239,Accuracy,0.209,successfulSmartPassesPct,0,0,
4,CB,PASSING,0.239,Accuracy,0.209,successfulThroughPassesPct,0,0,
4,CB,PASSING,0.239,Accuracy,0.209,successfulVerticalPassesPct,0,0,
4,CB,PASSING,0.239,Direction,0.193,backPassesPct,0.5,1,
4,CB,PASSING,0.239,Direction,0.193,forwardPassesPct,0.251,0,
4,CB,PASSING,0.239,Direction,0.193,lateralPassesPct,0.249,1,
4,CB,PASSING,0.239,Intent,0.101,attackingActions90,0.334,0,
4,CB,PASSING,0.239,Intent,0.101,successfulAttackingActions90,0.214,0,
4,CB,PASSING,0.239,Intent,0.101,successfulAttackingActionsPct,0.142,0,
4,CB,PASSING,0.239,Intent,0.101,keyPasses90,0.126,0,
4,CB,PASSING,0.239,Intent,0.101,keyPassesRatio,0.089,0,
4,CB,PASSING,0.239,Intent,0.101,longPassLength,0.076,0,
4,CB,PASSING,0.239,Intent,0.101,longPasses90,0.02,0,
4,CB,PASSING,0.239,Intent,0.101,throughPasses90,0,0,
4,CB,DEFENDING,0.229,Aerial,0.472,aerialDuels90,0.812,0,
4,CB,DEFENDING,0.229,Aerial,0.472,aerialDuelsWon90,0.188,0,
4,CB,DEFENDING,0.229,Aerial,0.472,aerialDuelsWonPct,0,0,
4,CB,DEFENDING,0.229,On Ball,0.425,defensiveActions90,0.287916667,0,
4,CB,DEFENDING,0.229,On Ball,0.425,successfulDefensiveAction90,0.143916667,0,
4,CB,DEFENDING,0.229,On Ball,0.425,successfulDefensiveActionPct,0.121916667,0,
4,CB,DEFENDING,0.229,On Ball,0.425,defensiveDuels90,0.091916667,0,
4,CB,DEFENDING,0.229,On Ball,0.425,defensiveDuelsWon90,0.081916667,0,
4,CB,DEFENDING,0.229,On Ball,0.425,defensiveDuelsWonPct,0.076916667,0,
4,CB,DEFENDING,0.229,On Ball,0.425,dribblesAgainst90,0.068916667,0,
4,CB,DEFENDING,0.229,On Ball,0.425,dribblesAgainstWon90,0.047916667,0,
4,CB,DEFENDING,0.229,On Ball,0.425,dribblesAgainstWonPct,0.043916667,0,
4,CB,DEFENDING,0.229,On Ball,0.425,pressingDuels90,0.034916667,0,
4,CB,DEFENDING,0.229,On Ball,0.425,slidingTackles90,0.004916667,0,
4,CB,DEFENDING,0.229,On Ball,0.425,successfulSlidingTackles90,0,0,
4,CB,DEFENDING,0.229,On Ball,0.425,successfulSlidingTacklesPct,0,0,
4,CB,DEFENDING,0.229,Off Ball,0.091,ballRecoveries90,0.276,0,
4,CB,DEFENDING,0.229,Off Ball,0.091,clearances90,0.158,0,
4,CB,DEFENDING,0.229,Off Ball,0.091,counterpressingRecoveries90,0.145,0,
4,CB,DEFENDING,0.229,Off Ball,0.091,dangerousOpponentHalfRecoveries90,0.111,0,
4,CB,DEFENDING,0.229,Off Ball,0.091,interceptions90,0.096,0,
4,CB,DEFENDING,0.229,Off Ball,0.091,looseBallDuels90,0.079,0,
4,CB,DEFENDING,0.229,Off Ball,0.091,looseBallDuelsWon90,0.056,0,
4,CB,DEFENDING,0.229,Off Ball,0.091,looseBallDuelsWonPct,0.041,0,
4,CB,DEFENDING,0.229,Off Ball,0.091,opponentHalfRecoveries90,0.023,0,
4,CB,DEFENDING,0.229,Off Ball,0.091,recoveries90,0.015,0,
4,CB,DEFENDING,0.229,Fouls,0.012,adjCards90,0.726,1,
4,CB,DEFENDING,0.229,Fouls,0.012,directRedCards,0,1,
4,CB,DEFENDING,0.229,Fouls,0.012,fouls90,0.273,1,
4,CB,DEFENDING,0.229,Fouls,0.012,redCards,0,1,
4,CB,DEFENDING,0.229,Fouls,0.012,yellowCards,0,1,
4,CB,DEFENDING,0.229,Fouls,0.012,yellowCardsPerFoul,0.001,1,
